{
 "baseUrl":"support/slwebview_files",
 "homeHid":1,
 "initialElement":"",
 "sections":[
  {
   "hid":1,
   "sid":"IGBT",
   "name":"IGBT",
   "fullname":"IGBT",
   "label":"IGBT*",
   "parent":0,
   "descendants":[
    2,
    4,
    3
   ],
   "hierarchyUrl":"support/slwebview_files/IGBT_h_1.json",
   "backingUrl":"support/slwebview_files/IGBT_m.json"
  }
 ],
 "optViews":[
 ],
 "display":{
  "informer":false,
  "notes":false
 },
 "iconsUrl":"support/slwebview_files/IGBT_icons.css"
}