[
 {
  "sid":"IGBT:142",
  "className":"Controlled Voltage Source",
  "icon":"IGBT1",
  "name":"Controlled Voltage Source",
  "label":"Controlled Voltage Source",
  "parent":"IGBT:137",
  "inspector":{
   "params":[
    "Initialize",
    "Source_Type",
    "Amplitude",
    "Phase",
    "Frequency",
    "Measurements"
   ],
   "values":[
    "on",
    "AC",
    "0",
    "0",
    "0",
    "None"
   ],
   "tabs":[
   ],
   "tabs_idx":[
   ]
  },
  "viewer":{
   "jshandler":"webview/handlers/ElementHandler"
  },
  "obj_viewer":[
  ],
  "finder":{
   "blocktype":"SubSystem",
   "masktype":"Controlled Voltage Source"
  }
 },
 {
  "sid":"IGBT:143",
  "className":"Controlled Voltage Source",
  "icon":"IGBT1",
  "name":"Controlled Voltage Source1",
  "label":"Controlled Voltage Source1",
  "parent":"IGBT:137",
  "inspector":{
   "params":[
    "Initialize",
    "Source_Type",
    "Amplitude",
    "Phase",
    "Frequency",
    "Measurements"
   ],
   "values":[
    "on",
    "AC",
    "0",
    "0",
    "0",
    "None"
   ],
   "tabs":[
   ],
   "tabs_idx":[
   ]
  },
  "viewer":{
   "jshandler":"webview/handlers/ElementHandler"
  },
  "obj_viewer":[
  ],
  "finder":{
   "blocktype":"SubSystem",
   "masktype":"Controlled Voltage Source"
  }
 },
 {
  "sid":"IGBT:144",
  "className":"Controlled Voltage Source",
  "icon":"IGBT1",
  "name":"Controlled Voltage Source2",
  "label":"Controlled Voltage Source2",
  "parent":"IGBT:137",
  "inspector":{
   "params":[
    "Initialize",
    "Source_Type",
    "Amplitude",
    "Phase",
    "Frequency",
    "Measurements"
   ],
   "values":[
    "on",
    "AC",
    "0",
    "0",
    "0",
    "None"
   ],
   "tabs":[
   ],
   "tabs_idx":[
   ]
  },
  "viewer":{
   "jshandler":"webview/handlers/ElementHandler"
  },
  "obj_viewer":[
  ],
  "finder":{
   "blocktype":"SubSystem",
   "masktype":"Controlled Voltage Source"
  }
 },
 {
  "sid":"IGBT:156",
  "className":"Simulink.PMIOPort",
  "icon":"IGBT1",
  "name":"A",
  "label":"A",
  "parent":"IGBT:137",
  "inspector":{
   "params":[
    "Port",
    "Side",
    "ConnectionType"
   ],
   "values":[
    "1",
    "Right",
    "Inherit: auto"
   ],
   "tabs":[
    "Parameter Attributes"
   ],
   "tabs_idx":0
  },
  "viewer":{
   "jshandler":"webview/handlers/ElementHandler"
  },
  "obj_viewer":[
  ],
  "finder":{
   "blocktype":"PMIOPort",
   "masktype":""
  }
 },
 {
  "sid":"IGBT:157",
  "className":"Simulink.PMIOPort",
  "icon":"IGBT1",
  "name":"B",
  "label":"B",
  "parent":"IGBT:137",
  "inspector":{
   "params":[
    "Port",
    "Side",
    "ConnectionType"
   ],
   "values":[
    "2",
    "Right",
    "Inherit: auto"
   ],
   "tabs":[
    "Parameter Attributes"
   ],
   "tabs_idx":0
  },
  "viewer":{
   "jshandler":"webview/handlers/ElementHandler"
  },
  "obj_viewer":[
  ],
  "finder":{
   "blocktype":"PMIOPort",
   "masktype":""
  }
 },
 {
  "sid":"IGBT:158",
  "className":"Simulink.PMIOPort",
  "icon":"IGBT1",
  "name":"C",
  "label":"C",
  "parent":"IGBT:137",
  "inspector":{
   "params":[
    "Port",
    "Side",
    "ConnectionType"
   ],
   "values":[
    "3",
    "Right",
    "Inherit: auto"
   ],
   "tabs":[
    "Parameter Attributes"
   ],
   "tabs_idx":0
  },
  "viewer":{
   "jshandler":"webview/handlers/ElementHandler"
  },
  "obj_viewer":[
  ],
  "finder":{
   "blocktype":"PMIOPort",
   "masktype":""
  }
 },
 {
  "sid":"IGBT:159",
  "className":"Simulink.PMIOPort",
  "icon":"IGBT1",
  "name":"N",
  "label":"N",
  "parent":"IGBT:137",
  "inspector":{
   "params":[
    "Port",
    "Side",
    "ConnectionType"
   ],
   "values":[
    "4",
    "Left",
    "Inherit: auto"
   ],
   "tabs":[
    "Parameter Attributes"
   ],
   "tabs_idx":0
  },
  "viewer":{
   "jshandler":"webview/handlers/ElementHandler"
  },
  "obj_viewer":[
  ],
  "finder":{
   "blocktype":"PMIOPort",
   "masktype":""
  }
 },
 {
  "sid":"IGBT:146",
  "className":"Simulink.DiscreteIntegrator",
  "icon":"IGBT1",
  "name":"Discrete-Time Integrator",
  "label":"Discrete-Time Integrator",
  "parent":"IGBT:137",
  "inspector":{
   "params":[
    "IntegratorMethod",
    "gainval",
    "ExternalReset",
    "InitialConditionSource",
    "InitialCondition",
    "InitialConditionSetting",
    "SampleTime",
    "LimitOutput",
    "UpperSaturationLimit",
    "LowerSaturationLimit",
    "ShowSaturationPort",
    "ShowStatePort",
    "IgnoreLimit",
    "OutMin",
    "OutMax",
    "OutDataTypeStr",
    "LockScale",
    "RndMeth",
    "SaturateOnIntegerOverflow",
    "StateName",
    "StateMustResolveToSignalObject",
    "RTWStateStorageTypeQualifier",
    "StateSignalObject",
    "StateStorageClass"
   ],
   "values":[
    "Integration: Forward Euler",
    "1.0",
    "rising",
    "internal",
    "0",
    "Output",
    "TS",
    "off",
    "inf",
    "-inf",
    "off",
    "off",
    "off",
    "[]",
    "[]",
    "Inherit: Inherit via internal rule",
    "off",
    "Floor",
    "off",
    "",
    "off",
    "",
    [
    ],
    "Auto"
   ],
   "tabs":[
    "Main",
    "Signal Attributes",
    "State Attributes",
    "-Other"
   ],
   "tabs_idx":[
    0,
    13,
    19,
    21
   ]
  },
  "viewer":{
   "jshandler":"webview/handlers/ElementHandler"
  },
  "obj_viewer":[
  ],
  "finder":{
   "blocktype":"DiscreteIntegrator",
   "masktype":""
  }
 },
 {
  "sid":"IGBT:155",
  "className":"Simulink.UnitDelay",
  "icon":"IGBT1",
  "name":"Unit Delay",
  "label":"Unit Delay",
  "parent":"IGBT:137",
  "inspector":{
   "params":[
    "InitialCondition",
    "InputProcessing",
    "SampleTime",
    "StateName",
    "StateMustResolveToSignalObject",
    "CodeGenStateStorageTypeQualifier",
    "StateSignalObject",
    "StateStorageClass"
   ],
   "values":[
    "0",
    "Elements as channels (sample based)",
    "-1",
    "",
    "off",
    "",
    [
    ],
    "Auto"
   ],
   "tabs":[
    "Main",
    "State Attributes",
    "-Other"
   ],
   "tabs_idx":[
    0,
    3,
    5
   ]
  },
  "viewer":{
   "jshandler":"webview/handlers/ElementHandler"
  },
  "obj_viewer":[
  ],
  "finder":{
   "blocktype":"UnitDelay",
   "masktype":""
  }
 },
 {
  "sid":"IGBT:145",
  "className":"Simulink.DataTypeConversion",
  "icon":"IGBT1",
  "name":"Data Type Conversion",
  "label":"Data Type Conversion",
  "parent":"IGBT:137",
  "inspector":{
   "params":[
    "OutMin",
    "OutMax",
    "OutDataTypeStr",
    "LockScale",
    "ConvertRealWorld",
    "RndMeth",
    "SaturateOnIntegerOverflow",
    "SampleTime"
   ],
   "values":[
    "[]",
    "[]",
    "double",
    "off",
    "Real World Value (RWV)",
    "Floor",
    "off",
    "-1"
   ],
   "tabs":[
    "Parameter Attributes",
    "-Other"
   ],
   "tabs_idx":[
    0,
    7
   ]
  },
  "viewer":{
   "jshandler":"webview/handlers/ElementHandler"
  },
  "obj_viewer":[
  ],
  "finder":{
   "blocktype":"DataTypeConversion",
   "masktype":""
  }
 },
 {
  "sid":"IGBT:153",
  "className":"Simulink.RelationalOperator",
  "icon":"IGBT1",
  "name":"Relational Operator",
  "label":"Relational Operator",
  "parent":"IGBT:137",
  "inspector":{
   "params":[
    "Operator",
    "ZeroCross",
    "InputSameDT",
    "OutDataTypeStr",
    "RndMeth",
    "SampleTime"
   ],
   "values":[
    ">=",
    "on",
    "off",
    "boolean",
    "Nearest",
    "-1"
   ],
   "tabs":[
    "Main",
    "Data Type",
    "-Other"
   ],
   "tabs_idx":[
    0,
    2,
    5
   ]
  },
  "viewer":{
   "jshandler":"webview/handlers/ElementHandler"
  },
  "obj_viewer":[
  ],
  "finder":{
   "blocktype":"RelationalOperator",
   "masktype":""
  }
 },
 {
  "sid":"IGBT:139",
  "className":"Simulink.Constant",
  "icon":"IGBT1",
  "name":"Constant1",
  "label":"Constant1",
  "parent":"IGBT:137",
  "inspector":{
   "params":[
    "Value",
    "VectorParams1D",
    "SampleTime",
    "OutMin",
    "OutMax",
    "OutDataTypeStr",
    "LockScale",
    "FramePeriod"
   ],
   "values":[
    "2*pi",
    "on",
    "inf",
    "[]",
    "[]",
    "Inherit: Inherit from 'Constant value'",
    "off",
    "inf"
   ],
   "tabs":[
    "Main",
    "Signal Attributes",
    "-Other"
   ],
   "tabs_idx":[
    0,
    3,
    7
   ]
  },
  "viewer":{
   "jshandler":"webview/handlers/ElementHandler"
  },
  "obj_viewer":[
  ],
  "finder":{
   "blocktype":"Constant",
   "masktype":""
  }
 },
 {
  "sid":"IGBT:150",
  "className":"Simulink.Mux",
  "icon":"IGBT1",
  "name":"Mux",
  "label":"Mux",
  "parent":"IGBT:137",
  "inspector":{
   "params":[
    "Inputs",
    "DisplayOption"
   ],
   "values":[
    "2",
    "bar"
   ],
   "tabs":[
    "Parameter Attributes"
   ],
   "tabs_idx":0
  },
  "viewer":{
   "jshandler":"webview/handlers/ElementHandler"
  },
  "obj_viewer":[
  ],
  "finder":{
   "blocktype":"Mux",
   "masktype":""
  }
 },
 {
  "sid":"IGBT:151",
  "className":"Simulink.Mux",
  "icon":"IGBT1",
  "name":"Mux1",
  "label":"Mux1",
  "parent":"IGBT:137",
  "inspector":{
   "params":[
    "Inputs",
    "DisplayOption"
   ],
   "values":[
    "2",
    "bar"
   ],
   "tabs":[
    "Parameter Attributes"
   ],
   "tabs_idx":0
  },
  "viewer":{
   "jshandler":"webview/handlers/ElementHandler"
  },
  "obj_viewer":[
  ],
  "finder":{
   "blocktype":"Mux",
   "masktype":""
  }
 },
 {
  "sid":"IGBT:152",
  "className":"Simulink.Mux",
  "icon":"IGBT1",
  "name":"Mux2",
  "label":"Mux2",
  "parent":"IGBT:137",
  "inspector":{
   "params":[
    "Inputs",
    "DisplayOption"
   ],
   "values":[
    "2",
    "bar"
   ],
   "tabs":[
    "Parameter Attributes"
   ],
   "tabs_idx":0
  },
  "viewer":{
   "jshandler":"webview/handlers/ElementHandler"
  },
  "obj_viewer":[
  ],
  "finder":{
   "blocktype":"Mux",
   "masktype":""
  }
 },
 {
  "sid":"IGBT:147",
  "className":"Simulink.Fcn",
  "icon":"IGBT1",
  "name":"Fcn",
  "label":"Fcn",
  "parent":"IGBT:137",
  "inspector":{
   "params":[
    "Expr",
    "SampleTime"
   ],
   "values":[
    "sin(u(1))*u(2)",
    "-1"
   ],
   "tabs":[
    "Parameter Attributes",
    "-Other"
   ],
   "tabs_idx":[
    0,
    1
   ]
  },
  "viewer":{
   "jshandler":"webview/handlers/ElementHandler"
  },
  "obj_viewer":[
  ],
  "finder":{
   "blocktype":"Fcn",
   "masktype":""
  }
 },
 {
  "sid":"IGBT:148",
  "className":"Simulink.Fcn",
  "icon":"IGBT1",
  "name":"Fcn1",
  "label":"Fcn1",
  "parent":"IGBT:137",
  "inspector":{
   "params":[
    "Expr",
    "SampleTime"
   ],
   "values":[
    "sin(u(1)-2*pi/3)*u(2)",
    "-1"
   ],
   "tabs":[
    "Parameter Attributes",
    "-Other"
   ],
   "tabs_idx":[
    0,
    1
   ]
  },
  "viewer":{
   "jshandler":"webview/handlers/ElementHandler"
  },
  "obj_viewer":[
  ],
  "finder":{
   "blocktype":"Fcn",
   "masktype":""
  }
 },
 {
  "sid":"IGBT:149",
  "className":"Simulink.Fcn",
  "icon":"IGBT1",
  "name":"Fcn2",
  "label":"Fcn2",
  "parent":"IGBT:137",
  "inspector":{
   "params":[
    "Expr",
    "SampleTime"
   ],
   "values":[
    "sin(u(1)+2*pi/3)*u(2)",
    "-1"
   ],
   "tabs":[
    "Parameter Attributes",
    "-Other"
   ],
   "tabs_idx":[
    0,
    1
   ]
  },
  "viewer":{
   "jshandler":"webview/handlers/ElementHandler"
  },
  "obj_viewer":[
  ],
  "finder":{
   "blocktype":"Fcn",
   "masktype":""
  }
 },
 {
  "sid":"IGBT:138",
  "className":"Simulink.PMComponent",
  "icon":"IGBT1",
  "name":"  Generator",
  "label":"  Generator",
  "parent":"IGBT:137",
  "inspector":{
   "params":[
    "BranchType",
    "Resistance",
    "Inductance",
    "Capacitance",
    "Measurements"
   ],
   "values":[
    "RL",
    "0.001",
    "0.002e-3",
    "1e-6",
    "None"
   ],
   "tabs":[
   ],
   "tabs_idx":[
   ]
  },
  "viewer":{
   "jshandler":"webview/handlers/ElementHandler"
  },
  "obj_viewer":[
  ],
  "finder":{
   "blocktype":"PMComponent",
   "masktype":"Three-Phase Series RLC Branch"
  }
 },
 {
  "sid":"IGBT:140",
  "className":"Simulink.Constant",
  "icon":"IGBT1",
  "name":"Constant2",
  "label":"Constant2",
  "parent":"IGBT:137",
  "inspector":{
   "params":[
    "Value",
    "VectorParams1D",
    "SampleTime",
    "OutMin",
    "OutMax",
    "OutDataTypeStr",
    "LockScale",
    "FramePeriod"
   ],
   "values":[
    "2*pi*50",
    "on",
    "inf",
    "[]",
    "[]",
    "Inherit: Inherit from 'Constant value'",
    "off",
    "inf"
   ],
   "tabs":[
    "Main",
    "Signal Attributes",
    "-Other"
   ],
   "tabs_idx":[
    0,
    3,
    7
   ]
  },
  "viewer":{
   "jshandler":"webview/handlers/ElementHandler"
  },
  "obj_viewer":[
  ],
  "finder":{
   "blocktype":"Constant",
   "masktype":""
  }
 },
 {
  "sid":"IGBT:141",
  "className":"Simulink.Constant",
  "icon":"IGBT1",
  "name":"Constant3",
  "label":"Constant3",
  "parent":"IGBT:137",
  "inspector":{
   "params":[
    "Value",
    "VectorParams1D",
    "SampleTime",
    "OutMin",
    "OutMax",
    "OutDataTypeStr",
    "LockScale",
    "FramePeriod"
   ],
   "values":[
    "310",
    "on",
    "inf",
    "[]",
    "[]",
    "Inherit: Inherit from 'Constant value'",
    "off",
    "inf"
   ],
   "tabs":[
    "Main",
    "Signal Attributes",
    "-Other"
   ],
   "tabs_idx":[
    0,
    3,
    7
   ]
  },
  "viewer":{
   "jshandler":"webview/handlers/ElementHandler"
  },
  "obj_viewer":[
  ],
  "finder":{
   "blocktype":"Constant",
   "masktype":""
  }
 },
 {
  "sid":"IGBT:154",
  "className":"Simulink.PMComponent",
  "icon":"IGBT1",
  "name":"Three-Phase Parallel RLC Load",
  "label":"Three-Phase Parallel RLC Load",
  "parent":"IGBT:137",
  "inspector":{
   "params":[
    "Configuration",
    "NominalVoltage",
    "Vabc",
    "Vabcp",
    "NominalFrequency",
    "UnbalancedPower",
    "ActivePower",
    "InductivePower",
    "CapacitivePower",
    "Pabc",
    "QLabc",
    "QCabc",
    "Pabcp",
    "QLabcp",
    "QCabcp",
    "Measurements",
    "LoadType"
   ],
   "values":[
    "Y (grounded)",
    "380",
    "[1e3 1e3 1e3]",
    "[1e3 1e3 1e3]",
    "50",
    "off",
    "100",
    "0",
    "0",
    "[10e3 9e3 11e3]",
    "[100 90 110]",
    "[100 90 110]",
    "[10e3 9e3 11e3]",
    "[100 90 110]",
    "[100 90 110]",
    "None",
    "constant Z"
   ],
   "tabs":[
   ],
   "tabs_idx":[
   ]
  },
  "viewer":{
   "jshandler":"webview/handlers/ElementHandler"
  },
  "obj_viewer":[
  ],
  "finder":{
   "blocktype":"PMComponent",
   "masktype":"Three-Phase Parallel RLC Load"
  }
 },
 {
  "sid":"IGBT:152#out:1",
  "className":"Simulink.Line",
  "icon":"IGBT4",
  "name":"",
  "label":"",
  "parent":"IGBT:137",
  "inspector":{
   "params":[
    "SignalNameFromLabel",
    "MustResolveToSignal",
    "ShowPropagatedSignal",
    "DataLogging",
    "TestPoint",
    "SignalObjectPackage",
    "StorageClass",
    "Description",
    "documentLink"
   ],
   "values":[
    "",
    "off",
    "off",
    "off",
    "off",
    "Simulink",
    "Auto",
    "",
    ""
   ],
   "tabs":[
    "Parameter Attributes",
    "Logging and Accessibility",
    "Code Generation",
    "Documentation"
   ],
   "tabs_idx":[
    0,
    3,
    5,
    7
   ]
  },
  "viewer":{
   "jshandler":"webview/handlers/ElementHandler"
  },
  "obj_viewer":[
  ],
  "finder":[
  ]
 },
 {
  "sid":"IGBT:151#out:1",
  "className":"Simulink.Line",
  "icon":"IGBT4",
  "name":"",
  "label":"",
  "parent":"IGBT:137",
  "inspector":{
   "params":[
    "SignalNameFromLabel",
    "MustResolveToSignal",
    "ShowPropagatedSignal",
    "DataLogging",
    "TestPoint",
    "SignalObjectPackage",
    "StorageClass",
    "Description",
    "documentLink"
   ],
   "values":[
    "",
    "off",
    "off",
    "off",
    "off",
    "Simulink",
    "Auto",
    "",
    ""
   ],
   "tabs":[
    "Parameter Attributes",
    "Logging and Accessibility",
    "Code Generation",
    "Documentation"
   ],
   "tabs_idx":[
    0,
    3,
    5,
    7
   ]
  },
  "viewer":{
   "jshandler":"webview/handlers/ElementHandler"
  },
  "obj_viewer":[
  ],
  "finder":[
  ]
 },
 {
  "sid":"IGBT:150#out:1",
  "className":"Simulink.Line",
  "icon":"IGBT4",
  "name":"",
  "label":"",
  "parent":"IGBT:137",
  "inspector":{
   "params":[
    "SignalNameFromLabel",
    "MustResolveToSignal",
    "ShowPropagatedSignal",
    "DataLogging",
    "TestPoint",
    "SignalObjectPackage",
    "StorageClass",
    "Description",
    "documentLink"
   ],
   "values":[
    "",
    "off",
    "off",
    "off",
    "off",
    "Simulink",
    "Auto",
    "",
    ""
   ],
   "tabs":[
    "Parameter Attributes",
    "Logging and Accessibility",
    "Code Generation",
    "Documentation"
   ],
   "tabs_idx":[
    0,
    3,
    5,
    7
   ]
  },
  "viewer":{
   "jshandler":"webview/handlers/ElementHandler"
  },
  "obj_viewer":[
  ],
  "finder":[
  ]
 },
 {
  "sid":"IGBT:149#out:1",
  "className":"Simulink.Line",
  "icon":"IGBT4",
  "name":"",
  "label":"",
  "parent":"IGBT:137",
  "inspector":{
   "params":[
    "SignalNameFromLabel",
    "MustResolveToSignal",
    "ShowPropagatedSignal",
    "DataLogging",
    "TestPoint",
    "SignalObjectPackage",
    "StorageClass",
    "Description",
    "documentLink"
   ],
   "values":[
    "",
    "off",
    "off",
    "off",
    "off",
    "Simulink",
    "Auto",
    "",
    ""
   ],
   "tabs":[
    "Parameter Attributes",
    "Logging and Accessibility",
    "Code Generation",
    "Documentation"
   ],
   "tabs_idx":[
    0,
    3,
    5,
    7
   ]
  },
  "viewer":{
   "jshandler":"webview/handlers/ElementHandler"
  },
  "obj_viewer":[
  ],
  "finder":[
  ]
 },
 {
  "sid":"IGBT:148#out:1",
  "className":"Simulink.Line",
  "icon":"IGBT4",
  "name":"",
  "label":"",
  "parent":"IGBT:137",
  "inspector":{
   "params":[
    "SignalNameFromLabel",
    "MustResolveToSignal",
    "ShowPropagatedSignal",
    "DataLogging",
    "TestPoint",
    "SignalObjectPackage",
    "StorageClass",
    "Description",
    "documentLink"
   ],
   "values":[
    "",
    "off",
    "off",
    "off",
    "off",
    "Simulink",
    "Auto",
    "",
    ""
   ],
   "tabs":[
    "Parameter Attributes",
    "Logging and Accessibility",
    "Code Generation",
    "Documentation"
   ],
   "tabs_idx":[
    0,
    3,
    5,
    7
   ]
  },
  "viewer":{
   "jshandler":"webview/handlers/ElementHandler"
  },
  "obj_viewer":[
  ],
  "finder":[
  ]
 },
 {
  "sid":"IGBT:147#out:1",
  "className":"Simulink.Line",
  "icon":"IGBT4",
  "name":"",
  "label":"",
  "parent":"IGBT:137",
  "inspector":{
   "params":[
    "SignalNameFromLabel",
    "MustResolveToSignal",
    "ShowPropagatedSignal",
    "DataLogging",
    "TestPoint",
    "SignalObjectPackage",
    "StorageClass",
    "Description",
    "documentLink"
   ],
   "values":[
    "",
    "off",
    "off",
    "off",
    "off",
    "Simulink",
    "Auto",
    "",
    ""
   ],
   "tabs":[
    "Parameter Attributes",
    "Logging and Accessibility",
    "Code Generation",
    "Documentation"
   ],
   "tabs_idx":[
    0,
    3,
    5,
    7
   ]
  },
  "viewer":{
   "jshandler":"webview/handlers/ElementHandler"
  },
  "obj_viewer":[
  ],
  "finder":[
  ]
 },
 {
  "sid":"IGBT:155#out:1",
  "className":"Simulink.Line",
  "icon":"IGBT4",
  "name":"",
  "label":"",
  "parent":"IGBT:137",
  "inspector":{
   "params":[
    "SignalNameFromLabel",
    "MustResolveToSignal",
    "ShowPropagatedSignal",
    "DataLogging",
    "TestPoint",
    "SignalObjectPackage",
    "StorageClass",
    "Description",
    "documentLink"
   ],
   "values":[
    "",
    "off",
    "off",
    "off",
    "off",
    "Simulink",
    "Auto",
    "",
    ""
   ],
   "tabs":[
    "Parameter Attributes",
    "Logging and Accessibility",
    "Code Generation",
    "Documentation"
   ],
   "tabs_idx":[
    0,
    3,
    5,
    7
   ]
  },
  "viewer":{
   "jshandler":"webview/handlers/ElementHandler"
  },
  "obj_viewer":[
  ],
  "finder":[
  ]
 },
 {
  "sid":"IGBT:153#out:1",
  "className":"Simulink.Line",
  "icon":"IGBT4",
  "name":"",
  "label":"",
  "parent":"IGBT:137",
  "inspector":{
   "params":[
    "SignalNameFromLabel",
    "MustResolveToSignal",
    "ShowPropagatedSignal",
    "DataLogging",
    "TestPoint",
    "SignalObjectPackage",
    "StorageClass",
    "Description",
    "documentLink"
   ],
   "values":[
    "",
    "off",
    "off",
    "off",
    "off",
    "Simulink",
    "Auto",
    "",
    ""
   ],
   "tabs":[
    "Parameter Attributes",
    "Logging and Accessibility",
    "Code Generation",
    "Documentation"
   ],
   "tabs_idx":[
    0,
    3,
    5,
    7
   ]
  },
  "viewer":{
   "jshandler":"webview/handlers/ElementHandler"
  },
  "obj_viewer":[
  ],
  "finder":[
  ]
 },
 {
  "sid":"IGBT:139#out:1",
  "className":"Simulink.Line",
  "icon":"IGBT4",
  "name":"",
  "label":"",
  "parent":"IGBT:137",
  "inspector":{
   "params":[
    "SignalNameFromLabel",
    "MustResolveToSignal",
    "ShowPropagatedSignal",
    "DataLogging",
    "TestPoint",
    "SignalObjectPackage",
    "StorageClass",
    "Description",
    "documentLink"
   ],
   "values":[
    "",
    "off",
    "off",
    "off",
    "off",
    "Simulink",
    "Auto",
    "",
    ""
   ],
   "tabs":[
    "Parameter Attributes",
    "Logging and Accessibility",
    "Code Generation",
    "Documentation"
   ],
   "tabs_idx":[
    0,
    3,
    5,
    7
   ]
  },
  "viewer":{
   "jshandler":"webview/handlers/ElementHandler"
  },
  "obj_viewer":[
  ],
  "finder":[
  ]
 },
 {
  "sid":"IGBT:146#out:1",
  "className":"Simulink.Line",
  "icon":"IGBT4",
  "name":"",
  "label":"",
  "parent":"IGBT:137",
  "inspector":{
   "params":[
    "SignalNameFromLabel",
    "MustResolveToSignal",
    "ShowPropagatedSignal",
    "DataLogging",
    "TestPoint",
    "SignalObjectPackage",
    "StorageClass",
    "Description",
    "documentLink"
   ],
   "values":[
    "",
    "off",
    "off",
    "off",
    "off",
    "Simulink",
    "Auto",
    "",
    ""
   ],
   "tabs":[
    "Parameter Attributes",
    "Logging and Accessibility",
    "Code Generation",
    "Documentation"
   ],
   "tabs_idx":[
    0,
    3,
    5,
    7
   ]
  },
  "viewer":{
   "jshandler":"webview/handlers/ElementHandler"
  },
  "obj_viewer":[
  ],
  "finder":[
  ]
 },
 {
  "sid":"IGBT:145#out:1",
  "className":"Simulink.Line",
  "icon":"IGBT4",
  "name":"",
  "label":"",
  "parent":"IGBT:137",
  "inspector":{
   "params":[
    "SignalNameFromLabel",
    "MustResolveToSignal",
    "ShowPropagatedSignal",
    "DataLogging",
    "TestPoint",
    "SignalObjectPackage",
    "StorageClass",
    "Description",
    "documentLink"
   ],
   "values":[
    "",
    "off",
    "off",
    "off",
    "off",
    "Simulink",
    "Auto",
    "",
    ""
   ],
   "tabs":[
    "Parameter Attributes",
    "Logging and Accessibility",
    "Code Generation",
    "Documentation"
   ],
   "tabs_idx":[
    0,
    3,
    5,
    7
   ]
  },
  "viewer":{
   "jshandler":"webview/handlers/ElementHandler"
  },
  "obj_viewer":[
  ],
  "finder":[
  ]
 },
 {
  "sid":"IGBT:140#out:1",
  "className":"Simulink.Line",
  "icon":"IGBT4",
  "name":"",
  "label":"",
  "parent":"IGBT:137",
  "inspector":{
   "params":[
    "SignalNameFromLabel",
    "MustResolveToSignal",
    "ShowPropagatedSignal",
    "DataLogging",
    "TestPoint",
    "SignalObjectPackage",
    "StorageClass",
    "Description",
    "documentLink"
   ],
   "values":[
    "",
    "off",
    "off",
    "off",
    "off",
    "Simulink",
    "Auto",
    "",
    ""
   ],
   "tabs":[
    "Parameter Attributes",
    "Logging and Accessibility",
    "Code Generation",
    "Documentation"
   ],
   "tabs_idx":[
    0,
    3,
    5,
    7
   ]
  },
  "viewer":{
   "jshandler":"webview/handlers/ElementHandler"
  },
  "obj_viewer":[
  ],
  "finder":[
  ]
 },
 {
  "sid":"IGBT:141#out:1",
  "className":"Simulink.Line",
  "icon":"IGBT4",
  "name":"",
  "label":"",
  "parent":"IGBT:137",
  "inspector":{
   "params":[
    "SignalNameFromLabel",
    "MustResolveToSignal",
    "ShowPropagatedSignal",
    "DataLogging",
    "TestPoint",
    "SignalObjectPackage",
    "StorageClass",
    "Description",
    "documentLink"
   ],
   "values":[
    "",
    "off",
    "off",
    "off",
    "off",
    "Simulink",
    "Auto",
    "",
    ""
   ],
   "tabs":[
    "Parameter Attributes",
    "Logging and Accessibility",
    "Code Generation",
    "Documentation"
   ],
   "tabs_idx":[
    0,
    3,
    5,
    7
   ]
  },
  "viewer":{
   "jshandler":"webview/handlers/ElementHandler"
  },
  "obj_viewer":[
  ],
  "finder":[
  ]
 }
]