[
 {
  "hid":1,
  "sid":"IGBT",
  "esid":"",
  "parent":0,
  "children":[
   2,
   3
  ],
  "name":"IGBT",
  "fullname":"IGBT",
  "label":"IGBT",
  "icon":"IGBT0",
  "svg":"support/slwebview_files/IGBT_d.svg",
  "thumbnail":"support/slwebview_files/IGBT_d.png",
  "backingUrl":"support/slwebview_files/IGBT_d.json",
  "elements":[
   ":1",
   ":2",
   ":4",
   ":5",
   ":8",
   ":9",
   ":10",
   ":11",
   ":12",
   ":13",
   ":14",
   ":15",
   ":16",
   ":17",
   ":18",
   ":19",
   ":21",
   ":22",
   ":23",
   ":24",
   ":52",
   ":37",
   ":26",
   ":38",
   ":31",
   ":36",
   ":51",
   ":41",
   ":40",
   ":50",
   ":49",
   ":44",
   ":39",
   ":33",
   ":47",
   ":27",
   ":54",
   ":32",
   ":53",
   ":30",
   ":45",
   ":28",
   ":42",
   ":43",
   ":34",
   ":35",
   ":29",
   ":48",
   ":46",
   ":61",
   ":66",
   ":68",
   ":71",
   ":72",
   ":73",
   ":75",
   ":76",
   ":77",
   ":78",
   ":79",
   ":80",
   ":81",
   ":82",
   ":83",
   ":84",
   ":85",
   ":87",
   ":88",
   ":89",
   ":90",
   ":91",
   ":92",
   ":93",
   ":94",
   ":95",
   ":96",
   ":97",
   ":98",
   ":99",
   ":100",
   ":101",
   ":102",
   ":103",
   ":104",
   ":105",
   ":106",
   ":107",
   ":108",
   ":109",
   ":110",
   ":111",
   ":112",
   ":113",
   ":114",
   ":115",
   ":117",
   ":118",
   ":119",
   ":120",
   ":121",
   ":122",
   ":123",
   ":124",
   ":125",
   ":126",
   ":127",
   ":128",
   ":129",
   ":130",
   ":131",
   ":132",
   ":133",
   ":134",
   ":136",
   ":12#out:1",
   ":13#out:1",
   ":13#out:2",
   ":13#out:3",
   ":22#out:1",
   ":23#out:1",
   ":35#out:1",
   ":29#out:1",
   ":27#out:1",
   ":44#out:1",
   ":46#out:1",
   ":32#out:1",
   ":33#out:1",
   ":53#out:1",
   ":45#out:1",
   ":41#out:1",
   ":54#out:1",
   ":37#out:1",
   ":31#out:3",
   ":28#out:1",
   ":34#out:1",
   ":31#out:1",
   ":40#out:1",
   ":31#out:2",
   ":36#out:1",
   ":47#out:1",
   ":38#out:1",
   ":43#out:1",
   ":30#out:1",
   ":50#out:1",
   ":42#out:1",
   ":49#out:1",
   ":39#out:1",
   ":26#out:1",
   ":61#out:1",
   ":68#out:1",
   ":75#out:1",
   ":77#out:1",
   ":78#out:1",
   ":79#out:1",
   ":72#out:1",
   ":71#out:1",
   ":82#out:1",
   ":52#out:1",
   ":83#out:1",
   ":85#out:1",
   ":84#out:1",
   ":87#out:1",
   ":89#out:2",
   ":88#out:1",
   ":90#out:1",
   ":91#out:1",
   ":92#out:1",
   ":94#out:1",
   ":95#out:1",
   ":95#out:2",
   ":99#out:1",
   ":98#out:1",
   ":100#out:1",
   ":100#out:2",
   ":103#out:1",
   ":105#out:1",
   ":104#out:1",
   ":106#out:1",
   ":108#out:1",
   ":107#out:1",
   ":109#out:1",
   ":111#out:1",
   ":112#out:1",
   ":110#out:1",
   ":114#out:1",
   ":113#out:1",
   ":115#out:1",
   ":117#out:1",
   ":119#out:1",
   ":120#out:1",
   ":121#out:1",
   ":122#out:1",
   ":123#out:1",
   ":124#out:1",
   ":125#out:1",
   ":126#out:1",
   ":127#out:1",
   ":128#out:1",
   ":129#out:1",
   ":130#out:1",
   ":118#out:1",
   ":132#out:1",
   ":131#out:1",
   ":134#out:1",
   ":133#out:1"
  ],
  "sameAsElement":false
 },
 {
  "hid":2,
  "sid":"IGBT:136",
  "esid":"IGBT:136",
  "parent":1,
  "children":[
   4
  ],
  "name":"Sourse ",
  "fullname":"IGBT/Sourse ",
  "label":"Sourse ",
  "icon":"IGBT3",
  "svg":"support/slwebview_files/IGBT_136_d.svg",
  "thumbnail":"support/slwebview_files/IGBT_136_d.png",
  "backingUrl":"support/slwebview_files/IGBT_136_d.json",
  "elements":[
   ":137",
   ":161",
   ":162",
   ":163",
   ":160"
  ],
  "sameAsElement":true
 },
 {
  "hid":4,
  "sid":"IGBT:137",
  "esid":"IGBT:137",
  "parent":2,
  "children":[
  ],
  "name":"Generator",
  "fullname":"IGBT/Sourse /Generator",
  "label":"Generator",
  "icon":"IGBT3",
  "svg":"support/slwebview_files/IGBT_137_d.svg",
  "thumbnail":"support/slwebview_files/IGBT_137_d.png",
  "backingUrl":"support/slwebview_files/IGBT_137_d.json",
  "elements":[
   ":142",
   ":143",
   ":144",
   ":156",
   ":157",
   ":158",
   ":159",
   ":146",
   ":155",
   ":145",
   ":153",
   ":139",
   ":150",
   ":151",
   ":152",
   ":147",
   ":148",
   ":149",
   ":138",
   ":140",
   ":141",
   ":154",
   ":152#out:1",
   ":151#out:1",
   ":150#out:1",
   ":149#out:1",
   ":148#out:1",
   ":147#out:1",
   ":155#out:1",
   ":153#out:1",
   ":139#out:1",
   ":146#out:1",
   ":145#out:1",
   ":140#out:1",
   ":141#out:1"
  ],
  "sameAsElement":true
 },
 {
  "hid":3,
  "sid":"IGBT:54",
  "esid":"IGBT:54",
  "parent":1,
  "children":[
  ],
  "name":"filtr2",
  "fullname":"IGBT/filtr2",
  "label":"filtr2",
  "icon":"IGBT3",
  "svg":"support/slwebview_files/IGBT_54_d.svg",
  "thumbnail":"support/slwebview_files/IGBT_54_d.png",
  "backingUrl":"support/slwebview_files/IGBT_54_d.json",
  "elements":[
   ":58",
   ":57",
   ":56",
   ":55",
   ":59",
   ":56#out:1",
   ":57#out:1",
   ":55#out:1",
   ":58#out:1"
  ],
  "sameAsElement":true
 }
]